{"cameraMode":{"drawMode":0,"name":"Shaded","section":"Shading Mode"},"sceneLighting":false,"audioPlay":false,"sceneViewState":{"showFog":true,"showMaterialUpdate":false,"showSkybox":true,"showFlares":true,"showImageEffects":true,"showParticleSystems":true},"in2DMode":false,"pivot":{"x":-5.663656234741211,"y":-5.16644287109375,"z":-6.9898223876953129},"rotation":{"x":-0.49994906783103945,"y":0.026491103693842889,"z":-0.015301724895834923,"w":-0.8655142784118652},"size":52.335418701171878,"orthographic":false}