{"cameraMode":{"drawMode":0,"name":"Shaded","section":"Shading Mode"},"sceneLighting":false,"audioPlay":false,"sceneViewState":{"showFog":true,"showMaterialUpdate":false,"showSkybox":true,"showFlares":true,"showImageEffects":true,"showParticleSystems":true},"in2DMode":false,"pivot":{"x":69.80000305175781,"y":1.5,"z":16.670000076293947},"rotation":{"x":-0.7213473320007324,"y":0.007686910685151815,"z":-0.008002785965800286,"w":-0.6924846768379211},"size":7.098074913024902,"orthographic":false}