{"cameraMode":{"drawMode":0,"name":"Shaded","section":"Shading Mode"},"sceneLighting":false,"audioPlay":false,"sceneViewState":{"showFog":true,"showMaterialUpdate":false,"showSkybox":true,"showFlares":true,"showImageEffects":true,"showParticleSystems":true},"in2DMode":false,"pivot":{"x":65.30000305175781,"y":0.04999998211860657,"z":-3.5},"rotation":{"x":-0.7213473320007324,"y":0.007686910685151815,"z":-0.008002785965800286,"w":-0.6924846768379211},"size":11.00687313079834,"orthographic":false}